Job ID,Average Salary
520244,121950.0
235793,37854.0
479354,53621.5
527381,173800.0
500127,82942.5
529129,58157.5
471331,65090.5
525199,150000.0
522344,16.25
470441,81790.5
197941,34.519999999999996
473942,78353.5
521796,67505.0
517233,65090.5
527170,57729.5
528457,17.7
522060,66096.5
242877,48677.5
242877,48677.5
520087,132902.0
394703,52291.0
520804,45809.0
385306,86194.0
527641,66639.0
526009,175000.0
525929,85000.0
442141,100000.0
523142,118132.0
468578,49151.0
504531,85591.5
527653,50525.0
485659,71362.0
460134,85747.5
487945,108099.0
474459,64995.0
527828,36.95
526870,58157.5
508776,51232.5
527076,17.5
520747,74000.0
520747,74000.0
497080,65679.5
525911,67970.0
496623,17.7
527756,110117.0
528407,75000.0
528345,69350.0
462585,89395.0
525843,67970.0
524067,100000.0
521400,85591.5
520678,117810.0
285463,110966.0
528790,45.65
493682,81167.0
518714,72649.5
528596,45809.0
464235,53027.5
486567,51505.0
522852,104080.5
528284,17.7
526854,41208.0
528213,15.25
524676,71362.0
513448,187500.0
503041,49013.5
490323,150000.0
478562,58440.0
515920,15.0
523150,15.0
526991,52500.0
522207,72374.5
528967,58157.5
475783,130000.0
515935,17.0
522134,69040.5
248047,71814.5
508596,112500.0
524268,15.45
524268,15.45
472423,81167.0
521709,15.0
500331,57036.0
524530,62678.0
518846,257500.0
513476,50156.5
523841,15.0
526898,63539.0
528217,119204.0
518531,69040.5
520023,18.0
522006,15.0
527531,58157.5
408527,53834.0
513663,74076.5
490442,99911.5
460437,17.66
527348,375.06
468473,78161.0
519143,82.045
527831,56.8
496352,23.015
523542,87355.0
459544,35059.0
523463,62500.0
527775,39057.0
525255,91850.0
527833,62.88
468392,150000.0
524340,106141.0
518194,160000.0
525947,45695.0
500542,73770.0
524870,66546.0
487945,108099.0
519372,86125.0
491601,125000.0
516633,92225.0
528062,64642.0
519147,106141.0
513515,38333.0
517843,92029.5
519927,18.0
528755,58577.0
526777,17.5
528983,158364.5
519116,124089.0
524267,15.45
524267,15.45
527151,135000.0
525098,83805.0
315372,49116.0
521800,112500.0
510600,59070.5
518847,48835.0
528913,80248.5
527872,29.98
527872,29.98
485555,53720.5
525057,110000.0
527512,45809.0
526778,279.3
519545,110117.0
527960,257500.0
489351,62865.0
509861,322.72
527303,63531.5
528759,105500.0
462399,65090.5
523946,119204.0
526678,110000.0
520183,106141.0
525638,115000.0
463528,86850.0
524806,77805.5
525843,67970.0
496400,95000.0
521781,65049.0
523145,15.75
517966,132095.0
468598,49151.0
507946,85000.0
519577,89395.0
519432,91774.0
525783,130000.0
528514,563.52
523130,71362.0
527600,67287.5
509626,96640.5
511105,72839.0
526663,17.7
521932,81167.0
505113,51418.5
528057,85132.5
463885,41649.5
507127,17.7
502219,119204.0
518579,69040.5
499226,114000.0
378703,99637.5
523106,53709.0
482129,76090.0
517738,71362.0
357984,82500.0
509868,72000.0
521258,40236.5
505777,98388.0
527532,58157.5
527962,257500.0
528038,81167.0
528038,81167.0
517699,94397.5
527783,80463.0
524685,67500.0
527782,67.72
521046,76851.0
499219,97850.0
455093,140000.0
515091,66096.5
517727,99911.5
526946,69040.5
523799,15.0
525834,72839.0
529078,61000.5
528768,95000.0
528768,95000.0
516845,74264.0
470274,65090.5
521300,85591.5
467875,85591.5
517750,87874.5
517575,63520.0
526139,103307.0
527295,54910.0
490323,150000.0
519108,187500.0
521755,61661.0
438636,97500.0
500503,16.549999999999997
527529,58157.5
467620,67347.0
427420,37609.5
522566,15.0
527141,80248.5
528590,45809.0
466861,65090.5
515923,15.0
526845,85000.0
522341,50511.0
527998,119204.0
520412,62678.0
502615,81167.0
497077,69040.5
528180,67077.0
509267,87500.0
467961,187500.0
527829,44189.0
483286,119204.0
511310,105000.0
502097,97965.5
526976,578.0
525644,63520.0
519059,96237.0
522335,68539.0
451443,70437.5
278063,85682.5
508419,69040.5
521488,15.0
473688,58573.5
519996,105000.0
527160,46666.0
527160,46666.0
462614,81493.0
484421,86598.5
525772,15.75
509255,124089.0
489397,62832.5
526805,42048.5
203387,21.55175
527539,45809.0
470996,80600.5
517751,99911.5
521222,58440.0
490969,78838.0
474023,76780.0
493172,92029.5
500542,73770.0
518413,98111.0
525606,132205.0
505781,62678.0
519199,82942.5
515960,17.0
499467,59497.0
518494,50974.5
465606,49151.0
457875,132095.0
485040,81802.0
485040,81802.0
514998,50511.0
521091,15.0
519922,42500.0
517632,55400.0
475487,99911.5
468994,39627.5
497044,68000.0
523142,118132.0
463917,89227.5
517659,67105.5
508596,112500.0
508596,112500.0
528914,58440.0
496359,106141.0
506552,57907.0
526657,101097.0
523649,17.7
482195,140000.0
517994,110117.0
508744,43018.0
500853,100000.0
495697,61851.0
519974,132095.0
526434,80000.0
525838,15.75
524756,57971.5
378814,102817.5
519927,18.0
518355,15.0
525502,89350.0
526526,82942.5
524929,15.0
524929,15.0
520633,64729.0
439342,117926.0
522115,75448.5
526012,80647.0
521269,76378.5
523676,45809.0
521233,74197.0
440089,57539.5
526772,66851.0
457764,92029.5
471347,49151.0
515069,137500.0
524001,132095.0
525754,69040.5
522520,19.03
523663,116093.0
528048,100000.0
525947,45695.0
509209,49.7016
522159,17.7
526791,17.5
485090,50525.0
526075,58157.5
465343,98580.5
520748,37398.0
524032,132095.0
508792,67077.0
498794,130000.0
500505,75000.0
527292,44083.0
519541,69078.5
528940,117500.0
528940,117500.0
471330,44784.5
520747,74000.0
467925,140000.0
474459,64995.0
508776,51232.5
519148,97735.5
461397,76013.5
457423,62865.0
526479,41208.0
526694,17.7
527673,83519.0
520090,115487.5
520090,115487.5
519637,59478.0
523696,92029.5
528207,50511.0
471116,67347.0
529027,157500.0
524643,100000.0
517379,99000.5
527275,53498.5
527788,44189.0
527267,37.28
482440,85000.0
471433,99911.5
407253,117474.5
512432,74501.5
523072,40895.0
520527,96237.0
528541,77467.5
528211,15.25
522401,45809.0
521515,15.0
484984,92500.0
501878,85132.5
527793,36.95
521226,76851.0
517792,322.72
509843,79877.0
528462,44784.5
528919,41208.0
509738,93987.0
522407,70878.5
473879,72500.0
528089,54910.0
527791,56.8
522933,110000.0
519415,83818.5
523668,17.7
528683,39.9
507573,15.5
500566,85000.0
504200,71362.0
523853,15.0
528188,16.25
520723,58577.0
491881,73749.5
528944,41208.0
528903,51155.0
501506,115000.0
504531,85591.5
517029,369.53
517045,63520.0
518734,74892.5
520977,55388.5
518918,69705.0
520623,69078.5
525754,69040.5
470055,58157.5
528709,77881.5
489392,95000.0
499529,71757.0
526654,75907.0
515951,15.0
347589,44377.0
478961,165000.0
518358,17.0
517597,53498.5
527843,100000.0
527402,43018.0
526136,112899.5
526136,112899.5
522278,172500.0
521800,112500.0
499402,102250.0
526623,39119.0
526623,39119.0
522055,66096.5
521796,67505.0
487429,52807.0
519145,17.7
515909,80887.0
508373,49151.0
526902,54795.0
484611,106141.0
517560,63520.0
519974,132095.0
517051,93041.5
528232,58157.5
517696,69040.5
523073,98388.0
527768,46000.0
389713,50313.5
389713,50313.5
467023,375.06
527686,69040.5
522953,104080.5
499191,58157.5
528397,17.5
457673,17.39
526667,39119.0
528076,131415.0
509732,110117.0
525427,185000.0
469053,106141.0
527073,17.5
524686,120000.0
517707,89397.5
499218,102500.0
516836,28.0
509375,51155.0
479577,120000.0
526678,110000.0
511052,43018.0
520516,98118.5
521185,83351.0
508406,78568.5
525425,105000.0
505264,89254.0
526297,67077.0
527481,112500.0
529030,45695.0
498823,130000.0
487062,144878.5
503444,140000.0
234921,85211.5
525834,72839.0
391317,94392.0
391317,94392.0
526854,41208.0
509442,132095.0
496705,44189.0
527964,160000.0
520954,62557.0
465149,106141.0
520516,98118.5
484099,110000.0
519080,85132.5
526313,17.7
510381,222924.0
516690,40895.0
433632,58573.5
527271,58157.5
512847,80323.0
526130,32.4168
523673,50452.0
509139,48861.5
516813,74501.5
519264,99108.5
499486,115000.0
435593,58157.5
399955,43296.0
482853,166076.0
473688,58573.5
527847,99108.5
467646,96047.5
528640,201500.0
519830,74500.0
528933,52500.0
520528,71362.0
521515,15.0
518536,108521.0
521200,73878.5
525199,150000.0
483286,119204.0
520708,71362.0
301985,91545.5
512521,79877.0
515953,15.0
495397,17.7
497113,79877.0
522431,89227.5
527960,257500.0
495786,70000.0
524273,15.45
526235,67077.0
508460,90976.0
526373,76780.0
520748,37398.0
519888,18.0
520788,67096.0
403516,95000.0
470017,55400.0
469031,92029.5
528225,80248.5
518399,38879.0
511501,69721.0
522198,57029.0
499467,59497.0
499467,59497.0
527808,62678.0
507591,120000.0
525137,68238.0
420619,59305.0
520023,18.0
526690,17.7
528224,112500.0
513403,51209.0
511537,61851.0
517481,42.192099999999996
528017,65000.0
518194,160000.0
518752,100000.0
346491,41838.0
528063,132095.0
518461,69705.0
521504,15.0
517055,82942.5
524602,119204.0
524262,16.6264
524262,16.6264
526147,78602.5
518499,69705.0
492518,66639.0
511105,72839.0
501535,106141.0
528089,54910.0
510654,95057.0
526775,121772.5
515926,17.0
526112,55269.0
526822,43018.0
517623,119204.0
469636,69.35
495425,65090.5
507503,125000.0
526477,41208.0
527673,83519.0
527161,58577.0
526293,105902.0
512897,40792.5
525345,17.7
508500,115000.0
524015,132095.0
528785,51008.5
426527,53834.0
518366,15.0
526644,17.7
511537,61851.0
497080,65679.5
510599,120000.0
519114,96237.0
517843,92029.5
522933,110000.0
516743,64640.5
522281,161000.0
526433,17.7
517047,71362.0
523267,93519.0
526777,17.5
481936,69031.5
523921,77.28
526477,41208.0
528115,85591.5
507466,57098.0
527163,41208.0
528088,132500.0
524233,15.0
465164,50974.5
528408,80000.0
515960,17.0
493656,60706.5
508484,72000.0
513665,39119.0
515350,127500.0
499500,49151.0
527982,72500.0
526970,50503.5
522430,89227.5
526670,62832.5
378814,102817.5
266529,38990.0
459608,156348.5
527089,57036.0
529098,55146.0
516832,62678.0
517215,71592.0
507665,63500.0
521534,15.0
472423,81167.0
493277,65679.5
424144,50000.0
450631,91850.0
435497,92500.0
515920,15.0
510116,115000.0
524818,51063.5
527757,52255.5
471313,84350.0
489798,69078.5
528529,58157.5
526699,17.7
484999,112500.0
528082,35313.5
520595,62084.5
527501,94347.5
499261,69040.5
522450,88026.0
525016,17.0
424339,84252.0
521124,75476.0
528816,85000.0
528408,80000.0
527531,58157.5
511460,120000.0
522865,103309.5
440092,57539.5
526468,80248.5
517413,75985.0
508383,17.7
292969,53429.5
504217,274.575
515959,16.25
520974,61108.5
475792,130000.0
526788,17.5
523499,121950.0
519885,49823.0
519838,55400.0
509733,44594.0
520880,15.0
522835,50511.0
527277,144878.5
243419,88281.5
520286,20.33
521559,76780.0
503423,78504.0
527813,55.29
521226,76851.0
528205,15.75
504987,69884.0
522624,88097.5
494592,62.705
512172,90893.5
487796,112500.0
484977,50000.0
516832,62678.0
526179,107500.0
463885,41649.5
430191,96237.0
497603,101097.0
349516,75036.5
510255,78491.5
518461,69705.0
526834,92500.0
526749,120000.0
526712,77500.0
465100,81167.0
518848,127500.0
520003,77639.0
528153,83399.0
518577,122000.0
525196,47121.5
527400,41208.0
508373,49151.0
478737,58157.5
518358,17.0
496383,53027.5
519891,15.75
463465,15.45
502392,60920.5
526132,112899.5
526132,112899.5
519199,82942.5
527534,58157.5
501613,31.87
527473,80058.0
509611,59028.5
527982,72500.0
508621,74825.5
503592,74481.5
503449,63520.0
517744,56836.5
517530,101223.5
524271,15.45
524271,15.45
466496,52712.0
516845,74264.0
519577,89395.0
528221,15.25
455076,117500.0
526638,17.7
526766,17.5
518449,109450.5
427694,17.7
467023,375.06
525920,58157.5
521144,45809.0
525783,130000.0
529135,116000.0
312210,102507.0
528225,80248.5
442559,37919.5
523542,87355.0
475750,125000.0
518918,69705.0
528761,45809.0
518447,33726.0
527430,41208.0
508224,67155.0
527875,80463.0
515954,15.0
520977,55388.5
455879,48847.0
457839,102627.0
509375,51155.0
515156,70437.5
523938,86598.5
484611,106141.0
526484,105608.5
491602,18.89
527810,80463.0
527201,48410.0
520954,62557.0
527047,15.75
528166,45809.0
528330,15.5
502376,21.4116
525643,144878.5
522159,17.7
509606,119204.0
499425,97357.5
529162,15.75
503641,44.82
518510,69705.0
493013,33.3793
515916,15.0
518487,40895.0
528259,75000.0
525772,15.75
526758,192500.0
468451,155000.0
465483,66851.0
521783,87325.0
527964,160000.0
527271,58157.5
510115,43018.0
518715,103088.5
469360,90350.0
527013,99000.5
528608,62970.0
519527,88000.0
526955,80248.5
471001,58157.5
503612,44.82
386903,40.79
247403,43084.5
484234,61359.0
523499,121950.0
526955,80248.5
518413,98111.0
516825,187500.0
518504,100000.0
387686,83258.0
495337,119204.0
522278,172500.0
527421,50511.0
521980,67155.0
521980,67155.0
497077,69040.5
497077,69040.5
522088,99000.5
522092,75448.5
511668,44594.0
521409,69040.5
528639,85747.5
526313,17.7
471323,91397.5
527715,39119.0
495786,70000.0
527462,46129.5
465606,49151.0
484166,96237.0
523462,16.25
484389,86598.5
504200,71362.0
505314,80600.5
468629,24.2505
468629,24.2505
465340,79877.0
507665,63500.0
525911,67970.0
507572,50511.0
525621,79877.0
496629,140000.0
468572,94688.5
527241,21.4116
528944,41208.0
465877,67347.0
520266,85971.5
526812,17.5
528211,15.25
496383,53027.5
527182,61359.0
502097,97965.5
465330,98580.5
511282,58157.5
528768,95000.0
496389,76990.5
503496,98580.5
475792,130000.0
508394,127500.0
529162,15.75
524063,115000.0
460134,85747.5
469115,116019.0
517820,61346.5
467415,74859.5
362424,110511.5
495779,40.5862
517672,96237.0
516719,108286.5
515156,70437.5
508484,72000.0
518848,127500.0
524852,85591.5
527100,71362.0
475859,110000.0
520183,106141.0
251310,46837.0
505035,69040.5
512662,57831.5
512662,57831.5
510596,120000.0
525643,144878.5
528224,112500.0
500503,16.549999999999997
528978,39057.0
495943,80000.0
515926,17.0
465587,66315.5
529122,86598.5
521244,65679.5
518355,15.0
521992,67596.5
512573,27.1787
433426,71596.5
521500,15.0
523151,17.0
490839,17.7
523658,116093.0
525069,85000.0
519980,93031.5
513197,85132.5
523148,57036.0
500328,90000.0
522200,15.0
519102,162500.0
528438,50974.5
524269,15.45
515952,15.0
527843,100000.0
474070,84640.0
526179,107500.0
526179,107500.0
517627,73193.5
506981,85132.5
443881,96640.5
504721,55000.0
525152,75907.0
496705,44189.0
527041,18.0
522617,20.9814
522617,20.9814
513517,67105.5
479541,120000.0
482229,64642.0
501549,97500.0
517032,117926.0
504903,78047.5
526788,17.5
506552,57907.0
524232,74750.0
373748,177374.5
500779,84640.0
465149,106141.0
527688,80942.0
492337,92029.5
522976,53859.5
481835,49151.0
510599,120000.0
526932,119204.0
524976,85000.0
501537,97500.0
528740,45809.0
471433,99911.5
517051,93041.5
520597,111283.0
519107,106019.0
504202,62.88
528188,16.25
524960,56539.5
526882,122308.0
522043,75448.5
376356,37979.5
376356,37979.5
485659,71362.0
513187,70874.5
383142,90995.0
509012,69040.5
482659,60000.0
458064,132095.0
514313,71362.0
523654,66851.0
526177,135000.0
527814,58577.0
460437,17.66
479354,53621.5
527869,29.98
527869,29.98
522200,15.0
504980,67384.0
527327,58561.5
515916,15.0
514210,83399.0
523151,17.0
442498,110966.0
520140,71362.0
526946,69040.5
439675,36.95
493013,33.3793
526121,71239.0
523134,15.0
371590,77145.5
524870,66546.0
528612,74114.0
505000,68049.0
528433,51063.5
505188,69040.5
357845,78429.0
524343,110117.0
518447,33726.0
504920,107500.0
504920,107500.0
509129,47671.5
513121,69040.5
505220,69040.5
527476,87310.0
508449,41.69
522946,54765.5
521996,70098.5
527859,16.14
525129,144878.5
521680,15.0
529111,76780.0
468824,80367.5
526514,51063.5
528610,82576.0
503307,61359.0
472791,70437.5
527371,112500.0
523059,42293.0
486962,69040.5
485090,50525.0
505275,74501.5
521145,68000.0
521145,68000.0
509209,49.7016
524233,15.0
520723,58577.0
469079,97680.5
526656,18.369999999999997
514382,76026.0
433632,58573.5
528284,17.7
528529,58157.5
517699,94397.5
467718,96047.5
523516,17.7
522207,72374.5
524001,132095.0
457764,92029.5
495376,508.8
527780,39057.0
484460,94350.0
512514,69078.5
523677,96237.0
504903,78047.5
528407,75000.0
518367,78970.5
511311,65831.0
496354,65090.5
516838,62678.0
522165,15.0
522043,75448.5
503626,55000.0
520534,106141.0
510602,112500.0
525716,54878.0
500294,58167.0
510487,41332.0
525296,97115.5
508258,89395.0
524685,67500.0
521966,97680.5
520286,20.33
491605,63500.0
484255,61359.0
523146,18.0
514523,65000.0
509251,67155.0
500837,100000.0
465483,66851.0
505188,69040.5
263674,90929.5
527829,44189.0
520003,77639.0
527177,107670.5
525057,110000.0
473942,78353.5
519839,140000.0
501535,106141.0
518009,29.8131
469360,90350.0
472014,58157.5
529064,44784.5
507205,92225.5
439342,117926.0
527316,53.58
521680,15.0
518341,99514.5
525024,72385.0
528812,58157.5
503424,61346.5
427420,37609.5
503612,44.82
521651,15.0
502263,85247.5
518341,99514.5
459762,96237.0
523904,132095.0
470274,65090.5
513659,95000.0
378703,99637.5
527727,99911.5
529078,61000.5
522055,66096.5
187714,85211.5
384945,64220.0
522610,54100.0
495714,86850.0
521778,76780.0
521681,50691.5
390540,70661.0
517746,119204.0
526799,17.5
497063,89810.0
525920,58157.5
520846,82942.5
518414,89810.0
518846,257500.0
527589,35313.5
523502,74197.0
522198,57029.0
527341,57681.5
462614,81493.0
502392,60920.5
518088,69040.5
527831,56.8
525554,17.7
528222,103309.5
526358,55146.0
522059,66096.5
521526,15.0
512573,27.1787
470759,18.89
525075,75000.0
137433,67825.5
522122,69040.5
509267,87500.0
526498,54196.0
468788,24.515
469079,97680.5
465593,81802.0
520405,85000.0
465164,50974.5
511251,63500.0
528417,15.25
526660,17.7
528752,62865.0
524530,62678.0
505264,89254.0
462622,67970.0
526479,41208.0
524695,52997.5
467397,61555.0
517379,99000.5
527252,107141.5
491613,72000.0
511439,24.1185
512653,78832.0
398460,103041.5
520972,45008.5
526767,17.5
528727,30.57
482918,58157.5
511064,74013.5
522117,75448.5
513871,155000.0
519148,97735.5
462030,71362.0
528196,51116.0
519106,50452.0
499191,58157.5
517751,99911.5
524262,16.6264
528521,80000.0
523550,132410.0
527336,48608.5
526656,18.369999999999997
519112,85132.5
519122,322.72
526784,17.5
483638,18.369999999999997
527965,61359.0
511200,74150.5
517213,17.7
528626,60000.0
379096,102817.5
526605,60949.5
519116,124089.0
525716,54878.0
523145,15.75
500001,187500.0
527784,62.88
475783,130000.0
482918,58157.5
521113,62420.0
478709,84460.0
468457,106318.5
468457,106318.5
526213,81167.0
486083,95281.5
523790,15.0
484977,50000.0
463917,89227.5
522000,85975.5
527180,84825.0
496315,23.015
527828,36.95
522912,53352.0
522912,53352.0
473350,124089.0
473350,124089.0
521747,54100.0
527879,41208.0
461956,61359.0
525775,15.75
466597,69040.5
518371,15.0
527151,135000.0
357984,82500.0
523474,115000.0
514382,76026.0
522155,15.0
517301,54795.0
517750,87874.5
528217,119204.0
527840,53741.5
496776,69040.5
522096,152500.0
468596,49151.0
490660,50919.0
520534,106141.0
522865,103309.5
510664,98388.0
520819,82942.5
517719,99000.5
527585,39057.0
364880,49335.0
523545,129000.0
526794,182620.0
527247,111019.0
528153,83399.0
526516,61359.0
526933,17.5
525205,36.95
463465,15.45
518422,66639.0
526121,71239.0
527518,120000.0
528547,41208.0
490660,50919.0
490660,50919.0
390569,37979.5
515906,144878.5
484255,61359.0
524186,96141.0
471473,58157.5
276648,44377.0
527334,55.29
481931,62452.0
517600,119204.0
516821,67474.5
526051,82942.5
526117,81478.5
503307,61359.0
521585,98353.0
521585,98353.0
525493,70000.0
526627,105000.0
464988,70661.0
515337,99514.5
526142,78602.5
526663,17.7
507557,15.5
517560,63520.0
508616,83922.5
518714,72649.5
505194,99108.5
526235,67077.0
503641,44.82
465115,50974.5
529100,125000.0
528299,16.25
520546,62678.0
509260,124089.0
517360,58157.5
521143,96237.0
526652,17.7
526283,140000.0
511305,322.72
521992,67596.5
524854,67970.0
502410,72516.0
519100,62678.0
487691,119204.0
521679,69040.5
527779,30.57
520701,208930.0
526771,17.5
493161,51063.5
491601,125000.0
524039,132095.0
518800,62865.0
519921,15.75
520007,18.0
527532,58157.5
511014,114674.0
519171,87874.5
527556,50511.0
469618,99108.5
520077,115487.5
520077,115487.5
510096,57608.5
511311,65831.0
479041,89227.5
495440,508.8
528617,20.33
468572,94688.5
518734,74892.5
524817,20.33
523853,15.0
500337,115000.0
420423,89100.5
526807,17.5
175362,42033.5
281906,44377.0
520405,85000.0
519172,72000.0
525425,105000.0
451985,127500.0
515954,15.0
527277,144878.5
519445,117926.0
528438,50974.5
424963,91965.5
525493,70000.0
520270,71362.0
526591,132205.0
523721,61850.0
487241,110117.0
472313,99911.5
499529,71757.0
517627,73193.5
522219,17.0
525107,46129.5
497631,77395.5
422248,43119.0
522344,16.25
469407,98310.0
221045,112148.5
482737,117500.0
526790,75745.5
525907,76780.0
528532,17.7
485146,74197.0
495425,65090.5
440244,94810.0
490969,78838.0
527164,58577.0
522131,69040.5
458064,132095.0
493776,17.7
528532,17.7
495347,119204.0
513843,15.45
527086,81461.0
525592,45809.0
527716,60409.0
496081,92029.5
458117,70000.0
528226,15.25
520584,156348.5
483638,18.369999999999997
508375,107500.0
509139,48861.5
526433,17.7
528967,58157.5
524038,132095.0
516784,440.16
492353,70437.5
524643,100000.0
526889,58157.5
527669,101023.0
524976,85000.0
523880,80248.5
526107,69040.5
499165,70349.0
505798,58577.0
519096,127500.0
518950,62032.5
523123,17.7
526139,103307.0
518088,69040.5
390805,70661.0
522262,81875.0
524265,16.6264
524265,16.6264
524038,132095.0
520519,102627.0
485825,17.7
526368,80248.5
527504,120000.0
434222,174081.5
521966,97680.5
514079,73878.5
503626,55000.0
528727,30.57
523528,147000.0
522039,130000.0
508375,107500.0
508460,90976.0
521964,34587.5
336342,76516.0
527686,69040.5
527686,69040.5
527171,56836.5
526783,17.7
521910,63053.5
510616,61050.0
515912,15.0
527477,62865.0
430959,92029.5
520284,16.25
523696,92029.5
509129,47671.5
528598,76780.0
529079,144878.5
466465,97735.5
473885,69040.5
518902,49151.0
528765,58440.0
524067,100000.0
528913,80248.5
229124,58971.0
500072,115000.0
523075,106141.0
509626,96640.5
526388,76780.0
473623,50509.5
520417,115000.0
529100,125000.0
229124,58971.0
517236,258.65
440092,57539.5
527340,75616.5
526767,17.5
528772,124000.0
471116,67347.0
519171,87874.5
523654,66851.0
524183,53859.5
519264,99108.5
496654,74197.0
505784,58611.0
519143,82.045
529055,45695.0
485317,91313.0
485317,91313.0
519635,90803.0
473825,70437.5
526845,85000.0
465299,78662.0
442141,100000.0
528815,125000.0
528306,20.33
527778,39.9
527041,18.0
482440,85000.0
528785,51008.5
528299,16.25
509861,322.72
465314,58157.5
472659,58157.5
524677,91774.0
519666,80248.5
516687,108521.0
499500,49151.0
527152,90000.0
382675,80000.0
459544,35059.0
522895,85000.0
514313,71362.0
526992,150858.0
439196,53074.0
524490,62500.0
523714,22.33
524468,17.66
526368,80248.5
510370,92500.0
500757,50056.5
526673,53074.0
473339,124089.0
473339,124089.0
517707,89397.5
521947,92029.5
528598,76780.0
523790,15.0
513478,71239.0
525603,15.5
519361,100000.0
519556,135240.5
517213,17.7
513399,50919.0
513843,15.45
513843,15.45
519043,82942.5
523851,92029.5
526673,53074.0
517507,79610.5
522895,85000.0
482195,140000.0
521652,76090.0
523923,132095.0
528522,89850.0
469407,98310.0
527675,69040.5
522051,66096.5
511176,79610.5
465318,79877.0
527548,50974.5
528250,72811.5
455083,117500.0
522281,161000.0
524259,16.6264
472716,65213.0
468392,150000.0
509606,119204.0
524246,45809.0
517582,67096.0
527161,58577.0
523550,132410.0
521652,76090.0
526861,60208.0
517608,108521.0
526295,85000.0
527869,29.98
527825,39057.0
507488,117500.0
526712,77500.0
528546,99108.5
526877,41208.0
354234,60.84
517824,51063.5
501534,99911.5
515928,17.0
529239,15.75
512913,55000.0
509645,66750.0
523670,50511.0
525126,60398.5
486995,81493.0
510194,82942.5
522953,104080.5
529129,58157.5
485212,108286.5
528783,120000.0
522841,45809.0
524105,58157.5
505268,69078.5
517569,71362.0
521648,45272.5
522194,15.0
445946,63194.5
526679,15.925
521801,117500.0
509729,119204.0
528002,51418.5
528226,15.25
526686,17.7
465593,81802.0
496389,76990.5
527430,41208.0
520962,15.0
484099,110000.0
528213,15.25
508220,76780.0
235793,37854.0
528534,62865.0
469618,99108.5
504073,93281.5
475621,64177.0
527084,81370.5
503446,50974.5
512432,74501.5
520786,92029.5
513515,38333.0
512514,69078.5
528777,50511.0
401852,94835.0
527124,102278.5
527124,102278.5
521580,71239.0
451443,70437.5
425693,21.4116
484261,53074.0
513448,187500.0
528705,44493.0
515949,15.0
528585,45809.0
528260,50511.0
523933,132095.0
430959,92029.5
523211,15.0
520270,71362.0
520894,15.0
398187,68810.5
376049,66315.5
466040,81167.0
484234,61359.0
508872,55803.5
472656,40895.0
521048,76851.0
484251,53074.0
521932,81167.0
511131,50511.0
519637,59478.0
527822,67.72
510596,120000.0
484389,86598.5
515958,15.0
358147,73576.0
522450,88026.0
523649,17.7
513408,187500.0
522202,60750.0
526670,62832.5
526225,55403.5
519911,60000.0
511460,120000.0
527078,51696.0
471325,81802.0
475859,110000.0
526650,93292.0
495376,508.8
494629,81167.0
526214,77881.5
527707,39057.0
524186,96141.0
516838,62678.0
528903,51155.0
527817,55.29
525722,45809.0
472313,99911.5
510469,71362.0
329763,112500.0
522430,89227.5
517685,71362.0
508449,41.69
504920,107500.0
527955,257500.0
523272,80000.0
482735,72811.5
526860,41208.0
527821,48.27
520665,164902.0
524818,51063.5
398187,68810.5
525459,46437.0
521707,121950.0
496464,69040.5
518369,17.0
528156,67474.5
518454,100000.0
460274,132095.0
526468,80248.5
516836,28.0
519146,90000.0
517634,82942.5
526784,17.5
515917,15.0
525780,15.75
529103,115000.0
482735,72811.5
528215,15.25
527166,58577.0
504442,54823.0
522909,119204.0
527339,61018.0
507254,83960.5
507254,83960.5
489798,69078.5
522165,15.0
516638,69040.5
457875,132095.0
467248,126019.0
527637,110000.0
499486,115000.0
528292,17.7
503041,49013.5
525919,45809.0
474331,322.72
510255,78491.5
521504,15.0
523673,50452.0
527521,76780.0
527882,155000.0
496663,82295.5
521518,65899.5
496465,68116.5
475316,64903.0
516260,132902.0
528462,44784.5
522262,81875.0
528983,158364.5
523076,62678.0
511200,74150.5
528023,72115.0
457949,52712.0
521747,54100.0
524028,132095.0
471323,91397.5
528215,15.25
482594,144878.5
372195,52332.0
512172,90893.5
527540,69040.5
522539,71603.0
504202,62.88
519441,89244.0
513642,36750.0
526627,105000.0
529254,17.7
509738,93987.0
528063,132095.0
509847,89227.5
500566,85000.0
510169,112278.5
516273,98580.5
522131,69040.5
503308,118419.0
522417,67077.0
517806,54590.0
523652,70359.0
529235,15.75
389883,17.5
484626,71362.0
527257,58440.0
528705,44493.0
515305,113519.0
526697,76780.0
524663,84744.0
521387,49000.0
513257,67105.5
521091,15.0
520417,115000.0
427345,51823.0
528048,100000.0
527641,66639.0
507557,15.5
291589,81802.0
520280,119204.0
442559,37919.5
523195,150000.0
518456,54615.0
509255,124089.0
521286,67970.0
522210,15.0
527728,71362.0
527815,30.57
524485,79930.5
526933,17.5
520028,15.75
510370,92500.0
495050,85263.0
528783,120000.0
452028,105000.0
527381,173800.0
519122,322.72
526534,87965.5
527275,53498.5
520974,61108.5
521135,80248.5
525605,64350.0
386903,40.79
500779,84640.0
484421,86598.5
522155,15.0
523828,71425.0
242091,34.519999999999996
501531,69040.5
527858,62678.0
510469,71362.0
465329,89227.5
526644,17.7
461397,76013.5
524405,51063.5
507491,135000.0
517672,96237.0
523076,62678.0
518093,84744.0
490974,69040.5
518577,122000.0
517597,53498.5
523923,132095.0
519458,44499.5
472071,49151.0
526803,17.5
525851,89227.5
484251,53074.0
528223,15.25
518495,64642.0
523130,71362.0
483979,112500.0
526793,17.5
526877,41208.0
527207,113622.5
475381,96237.0
523677,96237.0
519082,92500.0
466040,81167.0
520316,75504.0
527245,45809.0
524816,16.25
517692,55400.0
474023,76780.0
522219,17.0
516260,132902.0
526701,92029.5
485146,74197.0
527182,61359.0
460190,58157.5
518950,62032.5
352087,72865.5
500485,82942.5
519174,66851.0
508616,83922.5
529239,15.75
520633,64729.0
522060,66096.5
521500,15.0
524919,85000.0
528822,39057.0
526142,78602.5
490974,69040.5
526137,24.40885
520316,75504.0
518449,109450.5
387686,83258.0
527529,58157.5
509204,71425.0
520696,50511.0
524261,16.6264
526758,192500.0
527788,44189.0
526882,122308.0
521785,65049.0
527462,46129.5
525895,50511.0
495965,240.8
443091,132095.0
527962,257500.0
517045,63520.0
485102,50525.0
522610,54100.0
528793,110000.0
466617,31.0
527118,127500.0
379095,89362.5
527955,257500.0
511272,58611.0
484261,53074.0
526137,24.40885
521518,65899.5
527653,50525.0
528038,81167.0
401852,94835.0
352367,50844.0
528244,50511.0
468451,155000.0
461956,61359.0
517692,55400.0
459731,84640.0
519100,62678.0
524232,74750.0
526653,101097.0
523671,69040.5
528314,17.7
527059,144878.5
528626,60000.0
521269,76378.5
509608,144000.0
464483,49151.0
521823,39119.0
521823,39119.0
516804,157500.0
490231,67970.0
518919,69705.0
518105,49151.0
519355,165000.0
527858,62678.0
527823,53.58
467718,96047.5
527822,67.72
526679,15.925
527481,112500.0
525075,75000.0
527763,101223.5
519617,47671.5
510602,112500.0
527965,61359.0
527340,75616.5
520304,57765.5
526438,52638.5
527882,155000.0
526295,85000.0
459767,71362.0
526130,32.4168
435593,58157.5
509867,51418.5
519993,15.75
522123,15.0
515929,15.0
517029,369.53
354733,44377.0
470055,58157.5
465342,89227.5
517792,322.72
528617,20.33
523470,92029.5
516590,111019.0
197941,34.519999999999996
508728,96000.0
508728,96000.0
520819,82942.5
523721,61850.0
524676,71362.0
509848,98580.5
527603,96237.0
520157,114385.0
509645,66750.0
518372,16.25
525605,64350.0
528545,108736.0
520412,62678.0
503725,227449.0
508391,39119.0
294977,66315.5
485172,81167.0
504066,92029.5
513187,70874.5
521310,39007.5
522513,60748.0
492332,70661.0
525134,51418.5
491605,63500.0
524039,132095.0
529055,45695.0
524652,76780.0
312210,102507.0
522378,38737.5
505784,58611.0
517608,108521.0
528198,50511.0
490742,67105.5
453677,156348.5
486995,81493.0
527603,96237.0
528257,20.99015
520244,121950.0
524425,65679.5
492971,71754.0
518456,54615.0
485822,127500.0
527256,63097.0
525600,105902.0
523904,132095.0
396829,77911.5
490975,48861.5
521783,87325.0
519269,97115.5
434073,77321.5
500337,115000.0
525684,50511.0
524105,58157.5
526676,68500.0
524274,15.45
524274,15.45
529064,44784.5
484460,94350.0
526695,96237.0
523965,69705.0
517847,17.7
514841,119204.0
517744,56836.5
528570,163500.0
519059,96237.0
521559,76780.0
474331,322.72
482659,60000.0
518548,50974.5
523128,50974.5
509739,69347.5
523150,15.0
522378,38737.5
507117,66851.0
518454,100000.0
478739,67077.0
493810,58157.5
468964,44792.5
527879,41208.0
528222,103309.5
527338,64135.5
522513,60748.0
517634,82942.5
523237,77500.0
524769,137500.0
443091,132095.0
522091,69040.5
479541,120000.0
526177,135000.0
523953,30.57
526485,55400.0
403522,75000.0
526778,279.3
515936,15.0
526491,72839.0
501506,115000.0
522974,79877.0
485172,81167.0
527072,51418.5
527141,80248.5
528397,17.5
527327,58561.5
505777,98388.0
268905,74560.5
463528,86850.0
469280,58573.5
493656,60706.5
484984,92500.0
525907,76780.0
527818,39.9
519176,69040.5
508986,69040.5
490076,41649.5
526815,41208.0
528062,64642.0
515909,80887.0
465877,67347.0
520781,82942.5
471311,69040.5
521258,40236.5
434222,174081.5
367690,74839.5
507632,120000.0
523935,132095.0
499402,102250.0
500684,65090.5
439139,81493.0
524602,119204.0
505781,62678.0
465786,101223.5
471796,53498.5
440527,156348.5
519951,65506.5
511282,58157.5
503664,101223.5
482052,70661.0
490126,66315.5
484624,23.015
525851,89227.5
500684,65090.5
473864,85591.5
525255,91850.0
496474,59052.5
526292,85000.0
527569,46129.5
527411,43018.0
520077,115487.5
515170,70437.5
432393,40997.0
525126,60398.5
514079,73878.5
526685,35644.0
517696,69040.5
526697,76780.0
526697,76780.0
521185,83351.0
527013,99000.5
523658,116093.0
509729,119204.0
522972,89350.0
526660,17.7
508986,69040.5
501531,69040.5
516714,62832.5
510652,95057.0
510490,81167.0
525098,83805.0
471330,44784.5
516273,98580.5
527794,48.27
509330,66977.5
509012,69040.5
519168,44594.0
462494,65679.5
527400,41208.0
526498,54196.0
495714,86850.0
523651,120000.0
514201,64891.0
518343,132095.0
526505,95000.0
522946,54765.5
522210,15.0
507503,125000.0
486962,69040.5
484162,71362.0
473322,81802.0
473322,81802.0
468383,150000.0
468476,144878.5
485822,127500.0
523118,92029.5
347444,86585.5
510116,115000.0
494650,18.009999999999998
526834,92500.0
523462,16.25
460744,97115.5
484345,55075.5
527323,62865.0
524175,71362.0
439867,70096.5
515934,15.0
528044,100000.0
525044,58157.5
522006,15.0
484224,110000.0
508447,87560.0
528445,44784.5
510487,41332.0
512853,153000.0
509756,105000.0
521143,96237.0
529231,15.75
522062,63520.0
519147,106141.0
487062,144878.5
512934,58157.5
456827,39057.0
520087,132902.0
520087,132902.0
523075,106141.0
514693,60949.5
272382,76234.0
494650,18.009999999999998
523880,80248.5
520597,111283.0
520248,121950.0
524769,137500.0
465847,55000.0
526992,150858.0
526196,72500.0
517781,119204.0
504073,93281.5
510664,98388.0
521345,86520.0
516268,87874.5
524024,132095.0
525296,97115.5
481885,107500.0
399781,66315.5
505311,82942.5
521797,105000.0
411308,96222.0
473825,70437.5
523851,92029.5
514210,83399.0
510490,81167.0
527824,52.79
522919,39119.0
522919,39119.0
527137,124000.0
528639,85747.5
495337,119204.0
527545,77500.0
521400,85591.5
528758,72811.5
527059,144878.5
248031,77504.5
455093,140000.0
517822,119204.0
520090,115487.5
527255,106019.0
527255,106019.0
523474,115000.0
463563,30.76
528192,60000.0
352367,50844.0
483064,37852.0
453677,156348.5
485130,87500.0
521488,15.0
522927,50000.0
520248,121950.0
513845,57907.0
527557,75907.0
465100,81167.0
524175,71362.0
513408,187500.0
519980,93031.5
515957,15.0
517575,63520.0
511439,24.1185
504980,67384.0
425693,21.4116
467000,96047.5
511014,114674.0
517630,79877.0
529117,84449.0
521778,76780.0
527814,58577.0
348560,54286.5
518414,89810.0
508792,67077.0
528469,46437.0
526514,51063.5
516268,87874.5
517530,101223.5
521146,82942.5
527706,39057.0
527066,104080.5
528715,51418.5
491602,18.89
528220,15.25
521648,45272.5
497063,89810.0
457052,84640.0
523195,150000.0
521638,73916.5
235309,29561.0
524267,15.45
429687,98580.5
500743,106141.0
422248,43119.0
522346,69078.5
522346,69078.5
526603,92029.5
521508,15.0
520519,102627.0
526462,50511.0
526165,73856.0
209609,36058.5
525929,85000.0
526776,17.5
528205,15.75
512913,55000.0
429687,98580.5
520266,85971.5
395999,108042.0
395999,108042.0
522059,66096.5
524686,120000.0
505771,98388.0
503509,17.95
436199,97115.5
523463,62500.0
465342,89227.5
526989,69604.0
467844,110117.0
526851,41208.0
528958,63097.0
482853,166076.0
278063,85682.5
486567,51505.0
523663,116093.0
440089,57539.5
465115,50974.5
526812,17.5
517824,51063.5
526701,92029.5
521244,65679.5
513197,85132.5
522789,114000.0
460190,58157.5
520972,45008.5
526068,33726.0
355490,103593.0
515935,17.0
501613,31.87
520846,82942.5
487286,107500.0
484394,86598.5
514986,72292.0
517734,96237.0
528076,131415.0
493682,81167.0
513257,67105.5
496624,17.7
521526,15.0
525715,40579.0
525955,45695.0
464235,53027.5
479042,98580.5
523059,42293.0
510600,59070.5
481835,49151.0
528002,51418.5
502751,68235.0
517047,71362.0
528216,15.25
391494,79802.0
518038,70437.5
500396,84744.0
520283,35644.0
462922,47.76
526100,130000.0
524381,15.0
443881,96640.5
525427,185000.0
443207,92029.5
523072,40895.0
487241,110117.0
520114,110450.5
528729,57500.0
465340,79877.0
483273,57971.5
372246,75442.5
343779,73576.0
521681,50691.5
527963,62865.0
515957,15.0
520242,110000.0
501881,97500.0
519934,15.75
509739,69347.5
507205,92225.5
502410,72516.0
493172,92029.5
509204,71425.0
528885,100800.0
521754,70349.0
526686,17.7
527075,17.5
527791,56.8
528562,115000.0
524032,132095.0
520386,100000.0
522062,63520.0
527791,56.8
471392,44784.5
522837,70000.0
524261,16.6264
524261,16.6264
519080,85132.5
522566,15.0
479041,89227.5
528927,93500.0
527402,43018.0
519361,100000.0
519361,100000.0
510652,95057.0
528562,115000.0
467415,74859.5
519432,91774.0
474697,81167.0
515936,15.0
508258,89395.0
529147,71239.0
528546,99108.5
524103,67500.0
282117,57407.5
282117,57407.5
487012,147500.0
525069,85000.0
528545,108736.0
439139,81493.0
519996,105000.0
524008,132095.0
525893,52944.5
526458,17.7
519885,49823.0
520520,82942.5
517685,71362.0
513871,155000.0
527335,57681.5
511251,63500.0
379095,89362.5
526060,54100.0
451985,127500.0
366589,69297.5
519181,72000.0
521286,67970.0
502553,70047.0
527756,110117.0
522127,15.0
526356,71296.0
517781,119204.0
527070,62865.0
527716,60409.0
518902,49151.0
524828,92850.0
527080,45809.0
528937,57036.0
527825,39057.0
510594,55803.5
87990,53945.0
471311,69040.5
527837,50.206649999999996
440244,94810.0
522617,20.9814
436199,97115.5
518602,65765.5
493161,51063.5
438843,26.092799999999997
434241,47671.5
492353,70437.5
479040,79877.0
529074,92225.5
527335,57681.5
524097,71934.5
524756,57971.5
505268,69078.5
522134,69040.5
527638,54545.0
526089,83519.0
486083,95281.5
527569,46129.5
526473,41208.0
458945,110000.0
521753,73579.0
523934,76090.0
526947,99000.5
515903,15.0
183500,42033.5
525604,80248.5
527247,111019.0
527823,53.58
520284,16.25
490231,67970.0
526373,76780.0
529109,76780.0
521910,63053.5
519838,55400.0
496693,70366.5
403516,95000.0
469629,45722.0
513211,52500.0
526196,72500.0
496464,69040.5
527265,96872.5
519095,132095.0
521806,71362.0
525807,88.44
519107,106019.0
470206,144878.5
527782,67.72
527184,90000.0
455083,117500.0
519527,88000.0
455903,89395.0
468617,78974.5
474697,81167.0
508119,43018.0
507871,51063.5
528142,81167.0
523504,85250.0
504066,92029.5
526485,55400.0
463436,200300.0
523720,77.28
439675,36.95
526657,101097.0
455903,89395.0
509892,60545.0
509892,60545.0
524271,15.45
523916,132095.0
497631,77395.5
517719,99000.5
469115,116019.0
490549,64066.0
518504,100000.0
187714,85211.5
516687,108521.0
367653,69506.5
171040,42033.5
499265,99000.5
518085,44945.0
501897,16.742800000000003
526685,35644.0
520701,208930.0
482129,76090.0
495440,508.8
501897,16.742800000000003
521557,90000.0
527160,46666.0
522136,69040.5
519830,74500.0
528937,57036.0
487203,39119.0
522039,130000.0
525644,63520.0
509514,86520.0
528196,51116.0
522499,106318.5
505276,71592.0
518009,29.8131
511064,74013.5
460742,71362.0
489392,95000.0
525222,105819.84
523237,77500.0
526089,83519.0
478951,95000.0
523938,86598.5
490970,66315.5
508868,60528.5
527426,71362.0
525909,41208.0
510647,95057.0
475621,64177.0
475621,64177.0
521200,73878.5
471752,140000.0
521438,67077.0
526695,96237.0
523073,98388.0
516638,69040.5
515923,15.0
527106,69040.5
460998,182500.0
509882,62678.0
209609,36058.5
499218,102500.0
492332,70661.0
524265,16.6264
518536,108521.0
487796,112500.0
509868,72000.0
528017,65000.0
512064,17.7
469953,64854.0
528791,45809.0
522852,104080.5
525912,95000.0
514768,39057.0
502219,119204.0
471149,63025.0
167179,109413.0
499440,80442.5
527756,110117.0
491171,18.89
509625,97225.5
439609,65049.0
479577,120000.0
456074,40000.0
504977,62645.5
523651,120000.0
526100,130000.0
517129,58157.5
527332,117500.0
526766,17.5
517318,45722.0
493810,58157.5
503444,140000.0
375114,39170.0
469042,99911.5
517318,45722.0
509611,59028.5
524625,92029.5
519839,140000.0
503308,118419.0
521456,58577.0
521557,90000.0
463556,39.05965
514228,64891.0
526173,89395.0
467844,110117.0
434241,47671.5
500605,58157.5
511816,57500.0
484224,110000.0
514986,72292.0
521090,66851.0
520788,67096.0
524955,65000.0
527518,120000.0
473864,85591.5
520708,71362.0
510957,92029.5
528514,563.52
519911,60000.0
518399,38879.0
522972,89350.0
520895,15.0
526473,41208.0
527789,52.79
526165,73856.0
525044,58157.5
529229,15.75
526621,117500.0
508419,69040.5
508419,69040.5
508234,76780.0
467000,96047.5
470206,144878.5
526635,17.7
520527,96237.0
500605,58157.5
519172,72000.0
522127,15.0
509608,144000.0
518572,87500.0
459767,71362.0
526861,60208.0
511272,58611.0
521679,69040.5
508868,60528.5
509882,62678.0
517413,75985.0
518919,69705.0
519441,89244.0
525134,51418.5
517629,82942.5
528216,15.25
457673,17.39
506805,74197.0
460355,106141.0
521438,67077.0
465972,51418.5
527108,60.53
379094,99637.5
503424,61346.5
526638,17.7
479505,120000.0
487429,52807.0
505773,67347.0
484698,71362.0
491613,72000.0
485686,86244.0
460727,49151.0
266542,102507.0
509895,81167.0
515118,66096.5
442016,87500.0
521707,121950.0
527100,71362.0
519181,72000.0
515958,15.0
524028,132095.0
527076,17.5
526652,17.7
505220,69040.5
528088,132500.0
471474,75000.0
527382,45809.0
518602,65765.5
518602,65765.5
483154,70437.5
529030,45695.0
522827,58157.5
518105,49151.0
509732,110117.0
524952,60000.0
483154,70437.5
527106,69040.5
527106,69040.5
484394,86598.5
507632,120000.0
528815,125000.0
517032,117926.0
464483,49151.0
518367,78970.5
491881,73749.5
521103,45809.0
526106,74009.5
509006,79460.0
503449,63520.0
527146,62678.0
519141,167500.0
528142,81167.0
520251,106141.0
528345,69350.0
509733,44594.0
516743,64640.5
523470,92029.5
524485,79930.5
497506,72500.0
526932,119204.0
528933,52500.0
518366,15.0
474070,84640.0
523083,55214.0
510647,95057.0
490839,17.7
486613,69040.5
467397,61555.0
518535,41238.0
515208,80887.0
463436,200300.0
524264,16.6264
524264,16.6264
505315,85132.5
473885,69040.5
527763,101223.5
467875,85591.5
461945,53696.0
527267,37.28
521709,15.0
525016,17.0
255500,69549.0
527859,16.14
527859,16.14
526009,175000.0
510957,92029.5
529217,65090.5
521217,87325.0
461740,124089.0
478951,95000.0
529027,157500.0
516710,119204.0
518847,48835.0
466861,65090.5
395999,108042.0
526819,63520.0
525198,15.75
525529,21.97
517822,119204.0
507492,75745.5
507340,70874.5
513211,52500.0
509330,66977.5
527887,58157.5
526749,120000.0
512653,78832.0
526391,58440.0
526776,17.5
483273,57971.5
527476,87310.0
528940,117500.0
527784,62.88
465898,97500.0
521090,66851.0
519951,65506.5
518371,15.0
521387,49000.0
470731,110117.0
512064,17.7
508234,76780.0
355490,103593.0
527837,50.206649999999996
522621,99108.5
512137,50511.0
501549,97500.0
466961,59129.5
515949,15.0
471383,58157.5
520251,106141.0
523260,15.0
479042,98580.5
481936,69031.5
524828,92850.0
471149,63025.0
527768,46000.0
523545,129000.0
527166,58577.0
526060,54100.0
522122,69040.5
465898,97500.0
424339,84252.0
508406,78568.5
522837,70000.0
525584,45809.0
529111,76780.0
385235,71875.5
523123,17.7
528816,85000.0
528755,58577.0
518491,21.22605
199170,47136.5
526051,82942.5
522194,15.0
529005,104083.5
524015,132095.0
528221,15.25
467646,96047.5
475750,125000.0
528936,58157.5
526292,85000.0
463556,39.05965
528615,16.25
515959,16.25
379094,99637.5
526358,55146.0
523272,80000.0
516714,62832.5
470017,55400.0
523952,132095.0
522499,106318.5
513121,69040.5
517341,138625.0
509569,116093.0
233549,109413.0
528607,17.7
519113,54.2466
515337,99514.5
525599,50511.0
523049,55000.0
513125,55000.0
523211,15.0
481931,62452.0
524336,105902.0
510259,95000.0
529213,98357.5
379096,102817.5
511643,47671.5
468598,49151.0
526810,17.5
501534,99911.5
510662,62678.0
525502,89350.0
510956,153000.0
455079,117500.0
524273,15.45
524273,15.45
527872,29.98
469205,89350.0
471461,95000.0
97899,111377.0
519922,42500.0
522909,119204.0
522346,69078.5
505035,69040.5
473879,72500.0
473301,110117.0
473301,110117.0
524024,132095.0
527648,103307.0
366783,42781.5
463563,30.76
513651,110117.0
527813,55.29
523916,132095.0
513400,61108.5
524256,16.6264
494629,81167.0
519445,117926.0
523935,132095.0
519543,45809.0
527073,17.5
496776,69040.5
523934,76090.0
463468,21.76
514237,83399.0
517040,71362.0
526465,104561.0
487691,119204.0
508621,74825.5
517738,71362.0
517341,138625.0
460744,97115.5
513400,61108.5
513399,50919.0
520546,62678.0
482737,117500.0
495965,240.8
511305,322.72
523461,71362.0
490742,67105.5
526605,60949.5
521760,66080.5
526319,17.7
440587,71362.0
513629,111283.0
523965,69705.0
508115,64511.0
451827,46214.5
519686,127500.0
524858,67155.0
518369,17.0
525807,88.44
524854,67970.0
501859,17.39
505315,85132.5
465329,89227.5
523841,15.0
525249,142000.0
525249,142000.0
469180,115000.0
521517,82500.0
510654,95057.0
523766,77085.0
527118,127500.0
508500,115000.0
510956,153000.0
528223,15.25
526438,52638.5
496629,140000.0
465847,55000.0
526516,61359.0
527688,80942.0
527688,80942.0
522931,50000.0
525017,43.37235
525205,36.95
526456,71239.0
527887,58157.5
523528,147000.0
518422,66639.0
521051,61359.0
527473,80058.0
522117,75448.5
508992,15.5
527794,48.27
526676,68500.0
509598,89227.5
524340,106141.0
470130,101354.5
527847,99108.5
521553,59550.0
524625,92029.5
524952,60000.0
521753,73579.0
519141,167500.0
527818,39.9
499277,39119.0
526000,80248.5
519082,92500.0
514201,64891.0
509892,60545.0
521645,97680.5
528169,45809.0
520028,15.75
529229,15.75
518505,69705.0
526293,105902.0
491171,18.89
524381,15.0
523267,93519.0
468825,98392.5
510381,222924.0
520280,119204.0
468476,144878.5
520665,164902.0
515933,17.0
403522,75000.0
528759,105500.0
517734,96237.0
478737,58157.5
526991,52500.0
519623,105465.5
521310,39007.5
494960,90803.0
515903,15.0
524269,15.45
524269,15.45
528729,57500.0
521806,71362.0
511816,57500.0
517040,71362.0
500001,187500.0
500106,110117.0
522000,85975.5
523119,53709.0
511705,99514.5
525024,72385.0
528615,16.25
502855,39119.0
525606,132205.0
439196,53074.0
512853,153000.0
495401,17.7
528541,77467.5
527793,36.95
528044,100000.0
490126,66315.5
520962,15.0
528295,45809.0
525949,119204.0
526946,69040.5
527504,120000.0
519146,90000.0
512521,79877.0
272382,76234.0
497076,51063.5
510169,112278.5
519686,127500.0
490239,65090.5
520894,15.0
527780,39057.0
509613,59028.5
528790,45.65
523926,15.0
509756,105000.0
526505,95000.0
523908,132095.0
528491,58440.0
500106,110117.0
528812,58157.5
526690,17.7
528057,85132.5
516710,119204.0
524590,132095.0
485102,50525.0
526526,82942.5
511279,82500.0
527292,44083.0
512873,40706.5
511705,99514.5
517562,76780.0
526352,41208.0
522136,69040.5
519111,69040.5
461945,53696.0
496634,140000.0
525893,52944.5
524955,65000.0
519354,41849.5
526791,17.5
522096,152500.0
432393,40997.0
512934,58157.5
497126,67155.0
497126,67155.0
507127,17.7
523008,51418.5
461740,124089.0
515942,15.0
521580,71239.0
459608,156348.5
521277,49353.0
526458,17.7
515952,15.0
523943,132095.0
526688,17.7
516633,92225.0
499261,69040.5
501878,85132.5
518510,69705.0
496081,92029.5
528045,77921.0
528045,77921.0
455033,107500.0
487286,107500.0
509754,74197.0
516175,94350.0
526796,17.5
471392,44784.5
494960,90803.0
248031,77504.5
519415,83818.5
427694,17.7
233549,109413.0
528511,15.25
527557,75907.0
526783,17.7
526388,76780.0
517055,82942.5
527171,56836.5
518372,16.25
525603,15.5
442165,501.92
442165,501.92
519108,187500.0
525936,77881.5
522789,114000.0
527419,46129.5
497076,51063.5
505311,82942.5
496634,140000.0
420423,89100.5
519112,85132.5
503659,107500.0
518904,16.0
525838,15.75
519145,17.7
528920,103911.0
428723,52860.619999999995
484626,71362.0
267594,43775.5
506981,85132.5
517629,82942.5
509848,98580.5
521785,65049.0
502263,85247.5
508447,87560.0
484432,86598.5
401486,106909.5
519666,80248.5
517806,54590.0
385306,86194.0
527241,21.4116
525600,105902.0
485825,17.7
523209,17.0
521110,50511.0
521801,117500.0
528943,59225.5
520584,156348.5
499614,81167.0
526648,105465.5
524063,115000.0
525222,105819.84
525222,105819.84
495746,76732.5
526068,33726.0
230490,69166.0
496586,68116.5
519372,86125.0
519096,127500.0
466617,31.0
523008,51418.5
513845,57907.0
523671,69040.5
512847,80323.0
518131,76732.5
528911,91905.5
492337,92029.5
467248,126019.0
521947,92029.5
528322,57050.0
472659,58157.5
527784,62.88
524622,18.369999999999997
465299,78662.0
526653,101097.0
462585,89395.0
526456,71239.0
528919,41208.0
527180,84825.0
475487,99911.5
523539,63500.0
522123,15.0
517632,55400.0
519102,162500.0
526287,58157.5
505275,74501.5
527066,104080.5
526635,17.7
235309,29561.0
503725,227449.0
484999,112500.0
527163,41208.0
528612,74114.0
526087,42369.0
528036,119204.0
519623,105465.5
527833,62.88
486420,72517.5
527411,43018.0
467961,187500.0
525448,157500.0
520242,110000.0
459731,84640.0
519095,132095.0
454982,70217.5
514228,64891.0
521704,58157.5
507591,120000.0
471313,84350.0
478961,165000.0
519085,78602.5
520987,61108.5
522827,58157.5
521097,62420.0
507340,70874.5
520283,35644.0
529096,141766.0
510603,72811.5
468994,39627.5
471001,58157.5
471371,58157.5
520982,71602.0
522088,99000.5
440527,156348.5
519614,51418.5
221045,112148.5
519269,97115.5
457052,84640.0
525955,45695.0
475381,96237.0
492518,66639.0
518499,69705.0
485555,53720.5
515170,70437.5
500319,77799.0
529196,58157.5
528023,72115.0
515091,66096.5
527606,69040.5
527606,69040.5
526283,140000.0
519888,18.0
479040,79877.0
521294,76780.0
523666,81018.5
505537,57036.0
523209,17.0
526898,63539.0
468383,150000.0
519458,44499.5
522440,61851.0
484162,71362.0
523461,71362.0
523049,55000.0
527152,90000.0
460727,49151.0
528622,117926.0
465343,98580.5
511638,44594.0
528219,15.25
500757,50056.5
521048,76851.0
505000,68049.0
521964,34587.5
521651,15.0
499220,70047.0
470441,81790.5
528091,74197.0
493277,65679.5
248047,71814.5
300626,42855.0
515953,15.0
442016,87500.0
525949,119204.0
515950,15.0
527174,90000.0
515942,15.0
523134,15.0
519354,41849.5
525909,41208.0
526106,74009.5
508115,64511.0
465330,98580.5
266529,38990.0
509885,90803.0
528547,41208.0
470731,110117.0
524274,15.45
520623,69078.5
526936,17.5
469031,92029.5
523933,132095.0
523146,18.0
525017,43.37235
521754,70349.0
527789,52.79
185056,45694.5
527545,77500.0
503423,78504.0
455079,117500.0
471473,58157.5
522115,75448.5
485686,86244.0
495347,119204.0
519111,69040.5
515934,15.0
527164,58577.0
528219,15.25
528156,67474.5
394703,52291.0
515118,66096.5
521116,96320.0
521116,96320.0
471474,75000.0
527084,81370.5
528936,58157.5
526851,41208.0
515931,15.0
527341,57681.5
528417,15.25
482609,144878.5
522520,19.03
526297,67077.0
510256,62832.5
509598,89227.5
329763,112500.0
525621,79877.0
525940,45809.0
524590,132095.0
517569,71362.0
343755,78429.0
523539,63500.0
521760,66080.5
515928,17.0
513125,55000.0
518491,21.22605
526771,17.5
522091,69040.5
524405,51063.5
526107,69040.5
454982,70217.5
517127,97115.5
385235,71875.5
525345,17.7
523199,157500.0
527426,71362.0
501881,97500.0
495779,40.5862
523096,52500.0
527808,62678.0
527490,67500.0
520386,100000.0
507573,15.5
455076,117500.0
515350,127500.0
528457,17.7
518505,69705.0
521508,15.0
516590,111019.0
513401,187500.0
462030,71362.0
524350,80338.5
522407,70878.5
513517,67105.5
520595,62084.5
516821,67474.5
486420,72517.5
469280,58573.5
504217,274.575
526087,42369.0
520987,61108.5
517360,58157.5
527079,17.5
528036,119204.0
442498,110966.0
524008,132095.0
526822,43018.0
511279,82500.0
522051,66096.5
482478,40896.5
524677,91774.0
471371,58157.5
520533,39119.0
520533,39119.0
528330,15.5
518343,132095.0
527637,110000.0
527078,51696.0
528322,57050.0
524622,18.369999999999997
478739,67077.0
515929,15.0
499242,70047.0
522330,74147.0
507466,57098.0
526936,17.5
517481,42.192099999999996
503592,74481.5
529109,76780.0
526067,17.7
518531,69040.5
490693,83821.0
527669,101023.0
456074,40000.0
517562,76780.0
523849,106141.0
524264,16.6264
515931,15.0
510616,61050.0
509569,116093.0
519355,165000.0
524817,20.33
469036,118132.0
522202,60750.0
455033,107500.0
527865,21.7586
527865,21.7586
516719,108286.5
528743,45809.0
527177,107670.5
517927,67347.0
455879,48847.0
526796,17.5
522561,15.0
526989,69604.0
525107,46129.5
524919,85000.0
528306,20.33
528180,67077.0
520140,71362.0
517623,119204.0
508992,15.5
479554,120000.0
461506,53859.5
519934,15.75
528733,45809.0
468478,49151.0
527540,69040.5
441211,23.015
521670,15.0
513659,95000.0
512904,177253.0
527986,82500.0
484166,96237.0
524663,84744.0
496400,95000.0
462494,65679.5
509625,97225.5
524816,16.25
527371,112500.0
508119,43018.0
515912,15.0
526534,87965.5
515069,137500.0
518572,87500.0
529231,15.75
521409,69040.5
528570,163500.0
527648,103307.0
528767,87874.5
522335,68539.0
526491,72839.0
520528,71362.0
525129,144878.5
519921,15.75
497044,68000.0
526287,58157.5
525152,75907.0
524215,87761.0
484176,62865.0
510256,62832.5
523106,53709.0
508383,17.7
504721,55000.0
460355,106141.0
496880,71239.0
500396,84744.0
524695,52997.5
527137,124000.0
526860,41208.0
517127,97115.5
519545,110117.0
438636,97500.0
522440,61851.0
383142,90995.0
455407,80367.5
263674,90929.5
352087,72865.5
455407,80367.5
521051,61359.0
491605,63500.0
519633,99911.5
519633,99911.5
471752,140000.0
518878,59054.0
521300,85591.5
521098,50511.0
523908,132095.0
517594,119204.0
466099,98388.0
528433,51063.5
521704,58157.5
517630,79877.0
526231,45809.0
470130,101354.5
527781,53.58
522431,89227.5
527336,48608.5
515917,15.0
486613,69040.5
528715,51418.5
234921,85211.5
522624,88097.5
526465,104561.0
523879,48788.5
526694,17.7
521670,15.0
518360,15.0
524652,76780.0
501556,114318.0
525912,95000.0
524215,87761.0
520678,117810.0
483979,112500.0
520781,82942.5
524468,17.66
513642,36750.0
518752,100000.0
509860,40895.0
266542,102507.0
505194,99108.5
529096,141766.0
527075,17.5
465318,79877.0
529235,15.75
526779,80000.0
521755,61661.0
524490,62500.0
517847,17.7
525554,17.7
483064,37852.0
347238,36266.5
519633,99911.5
518550,107500.0
499425,97357.5
526450,50974.5
521217,87325.0
521099,51823.0
521996,70098.5
152738,40195.0
373748,177374.5
525723,51.44
526591,132205.0
411838,15.5
527815,30.57
526810,17.5
527840,53741.5
523943,132095.0
472791,70437.5
500485,82942.5
494592,62.705
504442,54823.0
479554,120000.0
512897,40792.5
524852,85591.5
513663,74076.5
518550,107500.0
528511,15.25
500853,100000.0
528732,96500.0
527332,117500.0
528220,15.25
526173,89395.0
519114,96237.0
524960,56539.5
515950,15.0
520005,63053.5
528683,39.9
515906,144878.5
471785,70437.5
493776,17.7
509518,78974.5
527201,48410.0
515951,15.0
503496,98580.5
526688,17.7
524425,65679.5
517659,67105.5
523766,77085.0
527348,375.06
517617,60599.0
504977,62645.5
517820,61346.5
487012,147500.0
526450,50974.5
521046,76851.0
521233,74197.0
523666,81018.5
268880,81739.5
389883,17.5
521797,105000.0
507488,117500.0
518360,15.0
527488,66639.0
517582,67096.0
528640,201500.0
521553,59550.0
495943,80000.0
523118,92029.5
520982,71602.0
526779,80000.0
463468,21.76
527521,76780.0
528800,17.7
308043,102507.0
496624,17.7
435497,92500.0
523953,30.57
527146,62678.0
526773,17.5
521277,49353.0
481885,107500.0
526819,63520.0
522197,72596.5
509442,132095.0
523720,77.28
510670,72811.5
519993,15.75
521146,82942.5
519176,69040.5
526650,93292.0
508220,76780.0
527986,82500.0
525348,51418.5
527781,53.58
517994,110117.0
521781,65049.0
295648,102507.0
517600,119204.0
522092,75448.5
523921,77.28
492971,71754.0
500743,106141.0
504987,69884.0
508539,75711.5
479505,120000.0
527184,90000.0
525196,47121.5
519541,69078.5
526976,578.0
526603,92029.5
528817,45809.0
485212,108286.5
527817,55.29
528132,44083.0
522974,79877.0
510662,62678.0
456827,39057.0
521757,62449.5
525775,15.75
466099,98388.0
466860,66851.0
526773,17.5
512904,177253.0
526865,41208.0
523799,15.0
529254,17.7
527339,61018.0
525198,15.75
520007,18.0
507492,75745.5
517594,119204.0
518038,70437.5
516464,53621.5
521124,75476.0
513401,187500.0
528232,58157.5
523879,48788.5
509847,89227.5
521456,58577.0
471796,53498.5
526319,17.7
527079,17.5
527821,48.27
529196,58157.5
523926,15.0
516804,157500.0
509843,79877.0
395833,73500.0
509885,90803.0
527252,107141.5
528920,103911.0
408148,53540.0
528314,17.7
458117,70000.0
528793,110000.0
527419,46129.5
527606,69040.5
525686,137500.0
507946,85000.0
514237,83399.0
524256,16.6264
524256,16.6264
522370,60214.0
527316,53.58
528445,44784.5
466465,97735.5
527865,21.7586
167179,109413.0
527589,35313.5
525529,21.97
521345,86520.0
517727,99911.5
500294,58167.0
522330,74147.0
521757,62449.5
528521,80000.0
526427,92248.5
527778,39.9
500837,100000.0
455729,85132.5
467032,369.53
517236,258.65
518904,16.0
484698,71362.0
526012,80647.0
520157,114385.0
520157,114385.0
522621,99108.5
509895,81167.0
460998,182500.0
523385,45809.0
501537,97500.0
527675,69040.5
527675,69040.5
528192,60000.0
495401,17.7
466860,66851.0
460742,71362.0
527338,64135.5
518093,84744.0
527207,113622.5
511052,43018.0
525638,115000.0
528608,62970.0
527488,66639.0
524097,71934.5
526793,17.5
524336,105902.0
522561,15.0
469180,115000.0
519113,54.2466
519614,51418.5
505771,98388.0
441218,18.89
514841,119204.0
523668,17.7
457839,102627.0
524512,87233.0
523516,17.7
515208,80887.0
526147,78602.5
509613,59028.5
527174,90000.0
511310,105000.0
521294,76780.0
521517,82500.0
511501,69721.0
528292,17.7
527170,57729.5
526352,41208.0
513651,110117.0
471461,95000.0
503659,107500.0
521222,58440.0
469636,69.35
523119,53709.0
528259,75000.0
499625,70005.0
500328,90000.0
475316,64903.0
506838,47671.5
527490,67500.0
466597,69040.5
525985,40695.0
523714,22.33
529138,106098.5
525780,15.75
526807,17.5
521534,15.0
500505,75000.0
441218,18.89
496344,18.89
268307,32839.0
268307,32839.0
399783,86760.5
503509,17.95
499614,81167.0
526662,96237.0
526870,58157.5
526805,42048.5
519085,78602.5
526699,17.7
517617,60599.0
508421,51418.5
516175,94350.0
528132,44083.0
523944,132095.0
526648,105465.5
519174,66851.0
485130,87500.0
526621,117500.0
526803,17.5
523849,106141.0
524035,132095.0
523083,55214.0
471785,70437.5
230490,69166.0
506854,75745.5
472014,58157.5
520520,82942.5
517129,58157.5
479039,71425.0
516813,74501.5
507117,66851.0
308024,102980.5
527047,15.75
507871,51063.5
526075,58157.5
458945,110000.0
484432,86598.5
523199,157500.0
520005,63053.5
512873,40706.5
510194,82942.5
340435,73576.0
520786,92029.5
526815,41208.0
529122,86598.5
463846,101500.0
508249,39119.0
467925,140000.0
411838,15.5
529103,115000.0
518579,69040.5
518356,15.0
464633,55803.5
519891,15.75
523952,132095.0
505798,58577.0
528607,17.7
524268,15.45
455729,85132.5
509867,51418.5
521135,80248.5
490076,41649.5
500127,82942.5
508744,43018.0
479024,50691.5
465587,66315.5
508539,75711.5
527779,30.57
501859,17.39
468629,24.2505
526865,41208.0
510259,95000.0
495397,17.7
527638,54545.0
524035,132095.0
509260,124089.0
482478,40896.5
523260,15.0
490975,48861.5
522976,53859.5
489397,62832.5
518356,15.0
525448,157500.0
430191,96237.0
508394,127500.0
462622,67970.0
454725,91313.0
454725,91313.0
520880,15.0
523504,85250.0
528800,17.7
525604,80248.5
526213,81167.0
528234,45809.0
242604,48677.5
242091,34.519999999999996
516825,187500.0
522871,45311.5
517966,132095.0
526067,17.7
471383,58157.5
527534,58157.5
529259,39119.0
515933,17.0
524240,58440.0
491613,72000.0
511006,72371.5
502615,81167.0
526970,50503.5
524006,79610.5
467620,67347.0
526112,55269.0
500072,115000.0
523944,132095.0
527824,52.79
505276,71592.0
396829,77911.5
518900,75000.0
518900,75000.0
525348,51418.5
471742,59225.5
524259,16.6264
524259,16.6264
526000,80248.5
469053,106141.0
526799,17.5
496356,55196.0
496356,55196.0
381081,63720.0
527698,39057.0
527295,54910.0
497113,79877.0
516784,440.16
528291,43018.0
528291,43018.0
526889,58157.5
361229,69821.5
520895,15.0
519043,82942.5
485238,74197.0
495687,43826.5
527086,81461.0
507491,135000.0
